472;Lucky Land
1829;SHINGMAJIALI
1863;Юибер
518;FAYA
413;TRITEX
409;GANS
151;Luma
1725;EFFA
342;Tunuo
1843;In Step
338;Soonbo
276;Юлия
393;Qiangjyu
213;Lovely Girl
296;Spirit
365;Brother
549;Takers
88;EGO
1776;Trasta
284;XinXing
1823;Noon Lion
50;Anta
179;Gallo Bruno
38;Inario
204;Goldzoni
1746;Persona
157;Summergirl
307;Serg
1864;Baron
452;V&Nobly
148;Basic
1889;*Passaparola
31;Torrans
263;Yimaneili
207;Friendly
249;Honnessy
1861;Ameca
290;Meima
439;MaHuahg
412;Prime Time
139;Boemos
149;Bellavista
1576;PPLE
39;Laura Berti
272;Olib
438;Doro
392;Fat Fox
474;7579
454;TST
152;Halen Dougles
527;Maishalina
458;G&G
255;Jolin
550;Sidimai
1826;ENRICOFANTINI
424;Fregat
371;Mattino Kids
147;Тигина
448;Xiao Ying
1882;БрисБосфор
75;Paola
502;Стелла
524;SFK
368;Anqi
354;Bona
171;Silvana
554;Gaifan
253;Bunvoti
119;Stramoda
216;Pelma
222;Aotoria
1502;Аллигаша
465;Salwit
551;PT PT
176;Corossi
262;Lomanto
163;Anda
1827;Prince SSXialu
301;Gran
319;Itakey
1815;Мария
543;Kun Chi
442;Lydian
1777;LiMeYa
487;Pujin
280;Kateluo
65;Covani
36;Boungiorno
1885;*Takers
434;Besari
510;Белка
98;Sparkling
399;Aoleike
143;Ricoss
425;Sweedy
1795;Анфия
1783;WSMR
462;Bajira
1812;Maydos
330;Egga
81;Francesco Donni
530;LANG OI
477;Nasite
419;ZET
91;Inblu
15;Banita
364;WBL
569;Kadisailun
426;Yosoon
230;Ruslasha
168;Форио
2;Wasco
1640;Marisobel
503;Канна
440;Maidiyalun
451;Жуния
447;Xin Xing
122;Ushaka Sport
315;Sitimoda
305;Assmerar
732;Cacloh
1866;Schumann
1752;Bona Dea 
457;Trinity
517;LUTA
1876;Tacco
99;Justo
282;Dongle
423;Maratti
421;Anehih-Gran
1880;Stil
1778;BOERYA
570;Walrus
271;Acmelas
1787;Fortune
173;Ourunte
1788;Aiandaina
1794;AMY
1801;Perfect
360;Chindinos
1504;Заря Свободы
406;Promenade
250;Cubate
11;Baden
422;VIP
1696;Jimaida
508;Mei Di Si
378;Jingerte
475;Sheton
101;West Coust
1828;Oldi Don
565;Радуга яркие
187;Ginda
515;H.G.Road
1830;Lipupe
525;YUZHUYE
480;Coollok
1881;Limited caition
193;Aoshi
43;El tempo
1807;Jonesitt
1850;Luger
1818;Cheri 
1749;Desari
18;Drive
432;DXY
167;Вигорос
1773;Vicenzaforti
1871;Джерда
231;Aima
1825;Baianna
563;Unkas
538;IL GIORNO
1855;Foonoa
239;Dilisi
156;Soft Wind
398;Bang Shuai
522;SIMEIDA
326;Bunuoti
215;Bacetta
1835;Aandaina
355;Yunta
1856;Marsnova
516;Menesla
433;Marsh Best
300;Bison
552;La Grandezza 
535;Goshar
504;Mokaqino
390;Harlven
83;Rihard Hoghl
44;Respect
331;Fabivls
270;Scotee
542;Gremond 
60;Authentic
118;Ushaka
1836;TORDIS
166;Shidalis
1659;Sandra Valery
460;Yue Long
1745;Huada
76;Pino
389;Ecco
224;Tlcom
1865;DENDLUDA
64;Etor
281;Diyao
197;Fuji
1505;Инарио
1820;Meglias
1781;L.R.F
847;Миланос
1819;Rg
511;Лилияя
304;Ruiming
299;Yoker
1046;Элит
499;Е&A
340;Витязь
567;Bodley
358;Roenkeold
339;Империя
489;VCG
190;Baisite
164;Camidy
1879;Best Walk
405;Maierfa
1860;Aowei
374;7S7
1874;OLDA
1809;Feisen
1796;Dika
429;Jiehao
227;Marta
1883;БиоФорм
372;Young Shoes
324;Vanjyke
450;Plome
1868;Москва
449;Botema
1853;Валрус
203;Dabao
513;АуНа
461;Spirale
318;Princess
234;Jinda
663;ЛР
446;Eumundi
394;Meitesi
1837;Ai Meng
1804;Bird king
314;Kuoniao
1611;AESD
277;Rendeer
1642;Linomarano
1821;Emtoli
1859;Saijun
1805;НАЙШУН
308;Kama Moda
210;Aoshinu
27;LeGre
62;Kabala
192;Эндя
286;Senbrngli
509;I Like
264;Экко
170;Meko Melo
199;Kacloh
1811;Laureate
325;Razil
402;Vajra
357;Heima
1775;Teespace
437;Feiqin
26;LitFoot
556;Filanto
348;Fisu
410;Beautiful
125;Just Pure
561;Ailaifa
113;Ribelli
1806;ASL
491;Valengiodan
196;Carlanby
30;Mascotte
188;Roadlead
279;RomanticGirl
1858;Вэйнис
404;Niusanjiao
497;Joezoos
523;SAIQIGE
102;Franco Buzzato
932;ГР
1802;Легенда
481;Kangye
877;ЭЭ
240;Colfchamp
1798;Inatta
395;Luoshifu
427;Calisy
238;Fuzida
261;Mary & Moly
246;Ingkia
1799;Яли
254;Gubate
370;Jzh
252;Emmate
514;QIAOERA
251;Calorena
174;Marko Pazalini
1842;Yalishanna
180;Yimaida
492;Nero Di Sole
385;Langpai
335;Health Shoes
564;Yanlangni
1695;Wolking
1848;Disksen
336;Rafaello
501;Songshu
182;Yanjyke
12;Mott
1614;AIMELI
490;Colvna
162;Canino
1886;NORMA-ACTIVE 
1838;SARA
155;P&Dian
108;Muya
1785;E&A
418;Бизон
1792;A. Meng
1;Evita
211;Okko
505;Хризантема
428;Лади Гага
496;Thanks4life
309;Hafutesi
1610;Lailina
366;Dino Albat
546;Aimanni
259;Clowse
396;Wenting
415;Falcon
274;Nadasa
235;Pilang
1822;Trioshoes
520;MADONINA
851;ЦО
247;Fuliou
1780;Ао МЭИ Сень
57;FD Present
298;Linomorano
1784;S Creas
470;Tingo
1844;Jinerda Shoes
278;Comaute
233;Beigao
1797;Meiyida
21;Котофей
77;D oro
350;Тяньма
292;Tlacta
416;Fart
482;Lipude
468;Manruisi
1786;Мэнди
295;Eece
79;Sasha
553;Miss Fantasy
541;Mon Ami
4;Alerta kids
1833;Chuan houg
1501;Star Club
1852;G-tech
397;Mingduolina
69;Avenir
289;Sweetly
435;Pasite
269;No One
200;Crony
1890;*Ushaka
400;Dianna
1789;Ligaoli
266;DjuParis
519;Bali NA
285;Лианно
3;Alerta
467;Admlis
245;Boildell
1747;Miku
191;Yazhouren
1790;Yufa
1888;*Stramoda
1500;Trendy
1609;Kiana
248;Лилия
208;Hangao
344;Wilmar
1831;Haina
341;Elit
500;BALDEAGLE
144;Forio
548;Vinta
1878;Felina
1779;KaHHa
484;Huangjindie
291;Ruina
329;Gonesitt
466;Gold Shoes
507;Крона
345;Milanos
441;Moc Sp
376;Sport
237;Meitedan
443;Golden Rose
195;Laguna
198;Fafala
356;Аока
478;Saiwit
146;Elite
1873;Олда
1744;Kadiluoshi
14;Alibi
260;MyDarling
288;Babilianna
72;Aladen
444;B.S.T.
1808;998
1857;Erica
347;Dino Ricci
531;Аврора
361;Situo
24;WL
66;Maniere
343;Ronin
265;Lalikaer
337;GoldSmit
244;Haijie
116;Avenir Junior
494;PINDIAN
430;Juaozy
455;Soivvilo
243;Dongui
1875;SAYOTA
476;Soldouble
506;Red Rose
257;Kantarina
463;Bella Donna
37;Батик
1782;Ai Mammani
483;Zongui
558;Manway
537;ANDIAMO
225;Милано
528;GIOVGIO BASIC
189;Funuo
322;Meilina
303;Marisabel
1849;Ordoniks
316;Oulin
521;Salina
67;Patrol
485;Desay
232;Boleshoes
154;Arzo
352;Seekf
529;VENETTA
1851;HY activ
323;Mashie
293;Alina
1846;Leons Grin
218;Pesetto
10;КД
219;Carlo Armani
1884;*Miss Fantasy
104;Gianni Gregori
373;Giaozy
177;Giesedeer
332;Rikardo
1867;Chuan Wei
1840;Lu Lu Ping
212;Celemli
1800;Эмири
13;Pattini
1316;Zongyi
273;Senqlian
175;Gialas
540;Adanex
479;Sgmok
20;Makfine
536;Сотто
453;Evmvndi
40;John Jeniford
311;Samdece
1869;Корона ТЕ
49;Rokland
206;Ecem
236;Sandway
181;Paida
562;Passaparola
488;Grado
185;Dapengniao
220;Carisma
547;Zeffira
456;Soxo
214;Luna Blu
142;Le Monti
29;Medea
1872;BCR
1810;San Yin Din
375;Fosh
459;MRS
351;Heroway
103;Kufenberg
445;Balibosi
172;Леди Стайл
1845;Spur
367;Rumbold
568;Mika
1814;Dina Ao
544;Dearfion
297;Woking
184;Bygerli
313;Selena
1862;RCP
1793;Li Mei Ya
333;Kadisailyn
1832;Hotladg
353;Vlin
19;Karollina
379;Тюльпан
310;Angel
145;Mida
359;Jiaozu
1870;PAGENISHOES
107;Art&Design
105;Villa Medici
1615;J.L.F
391;Yuyin
897;НМ
1834;ENRIKO
1841;Juli
275;Mayalusha
126;Shelly
566;Shoiberg
377;Yingda
150;Bald Eagle
294;Outong
1854;Инарио
369;Apojee
363;Tisu
1839;Toprace
512;S. CREAS
283;Anona
1887;Mister Dan
1791;ЙИНТБАОЛАЙ
217;Pegasvs
403;Mei
414;ZOI
555;Look Here
302;Ibra
6;Top Line
1813;MeierLan
169;Molo
317;Lino Marano
209;Andelijj
560;Jintang
242;Youliya
1847;Gera Plus
532;MATTINO
1755;Yaihega
349;LRS
223;Jinisi
1824;Miss Class
256;Xufeng
229;Leinuo
873;АГ
471;Кветта
327;Маша
178;Barley
858;ФП
334;Ермак
